id;code;odometer;result;description;photo;photo_content_type;completed
1;cork coaxingly;21013;completion;harp whose;../fake-data/blob/hipster.png;image/png;2024-11-10T22:55:55
2;out considering forceful;29740;geez;fatally;../fake-data/blob/hipster.png;image/png;2024-11-10T11:57:52
3;miserably;28936;underneath upright;bleach fast even;../fake-data/blob/hipster.png;image/png;2024-11-10T21:31:32
4;lifestyle;8123;who hopelessly because;wolf developing;../fake-data/blob/hipster.png;image/png;2024-11-10T13:57:32
5;provided phooey afraid;12105;consistency;antique wherever where;../fake-data/blob/hipster.png;image/png;2024-11-11T01:16:41
6;serene paralyse;18411;absent;pish weep;../fake-data/blob/hipster.png;image/png;2024-11-10T12:16:43
7;tightly towards alongside;22686;unknown meaty honored;lovable;../fake-data/blob/hipster.png;image/png;2024-11-11T00:24:56
8;ew;31289;per ew quickly;now;../fake-data/blob/hipster.png;image/png;2024-11-11T07:29:06
9;opposite;14071;now;excepting;../fake-data/blob/hipster.png;image/png;2024-11-10T15:44:36
10;newsprint;21822;rigidly briskly;close happily;../fake-data/blob/hipster.png;image/png;2024-11-11T03:10:44
